<?xml version="1.0" encoding="UTF-8"?>
<CATALOG xmlns:xsi="http://www.w3.org/2001/XMLSchema-instance"
 xsi:noNamespaceSchemaLocation="cds.xsd">

  <!-- Attribute "artist" will be required for all CDS -->
  <CD artist="Bob Dylan">

    <!-- Caracters minimun length  5 (including 5 valid) -->
    <TITLE>Empire Burlesque</TITLE>

    <!--Values admitted: USA, UK, EU and Norway -->
    <COUNTRY>USA</COUNTRY>

    <COMPANY>Columbia</COMPANY>

    <!-- Price major than 5 and less than 20 (both excluded)-->
    <PRICE>10.90</PRICE>

    <!-- Year admitted later than 1950 -->
    <YEAR>1985</YEAR>
  </CD>

  
  <CD artist="Bonnie Tyler">
    <TITLE>Hide your heart</TITLE>
    <COUNTRY>UK</COUNTRY>
    <COMPANY>CBS Records</COMPANY>
    <PRICE>9.90</PRICE>
    <YEAR>1988</YEAR>
  </CD>
  <CD artist="Dolly Parton">
    <TITLE>Greatest Hits</TITLE>
    <COUNTRY>USA</COUNTRY>
    <COMPANY>RCA</COMPANY>
    <PRICE>9.90</PRICE>
    <YEAR>1982</YEAR>
  </CD>
  <CD artist="Gary Moore">
    <TITLE>Still got the blues</TITLE>
    <COUNTRY>UK</COUNTRY>
    <COMPANY>Virgin records</COMPANY>
    <PRICE>10.20</PRICE>
    <YEAR>1990</YEAR>
  </CD>
  <CD artist="Eros Ramazzotti">
    <TITLE>Eros.</TITLE>
    <COUNTRY>EU</COUNTRY>
    <COMPANY>BMG</COMPANY>
    <PRICE>9.90</PRICE>
    <YEAR>1997</YEAR>
  </CD>
  <CD artist="Bee Gees">
    <TITLE>One night only</TITLE>
    <COUNTRY>UK</COUNTRY>
    <COMPANY>Polydor</COMPANY>
    <PRICE>10.90</PRICE>
    <YEAR>1998</YEAR>
  </CD>
  <CD artist="Dr.Hook">
    <TITLE>Sylvias Mother</TITLE>
    <COUNTRY>UK</COUNTRY>
    <COMPANY>CBS</COMPANY>
    <PRICE>8.10</PRICE>
    <YEAR>1973</YEAR>
  </CD>
  <CD artist="Rod Stewart">
    <TITLE>Maggie May</TITLE>
    <COUNTRY>UK</COUNTRY>
    <COMPANY>Pickwick</COMPANY>
    <PRICE>8.50</PRICE>
    <YEAR>1990</YEAR>
  </CD>
  <CD artist="Andrea Bocelli">
    <TITLE>Romanza</TITLE>
    <COUNTRY>EU</COUNTRY>
    <COMPANY>Polydor</COMPANY>
    <PRICE>10.80</PRICE>
    <YEAR>1996</YEAR>
  </CD>
  <CD artist="Percy Sledge">
    <TITLE>When a man loves a woman</TITLE>
    <COUNTRY>USA</COUNTRY>
    <COMPANY>Atlantic</COMPANY>
    <PRICE>8.70</PRICE>
    <YEAR>1987</YEAR>
  </CD>
  <CD artist="Savage Rose">
    <TITLE>Black angel</TITLE>
    <COUNTRY>EU</COUNTRY>
    <COMPANY>Mega</COMPANY>
    <PRICE>10.90</PRICE>
    <YEAR>1995</YEAR>
  </CD>
  <CD artist="Many">
    <TITLE>1999 Grammy Nominees</TITLE>
    <COUNTRY>USA</COUNTRY>
    <COMPANY>Grammy</COMPANY>
    <PRICE>10.20</PRICE>
    <YEAR>1999</YEAR>
  </CD>
  <CD artist="Kenny Rogers">
    <TITLE>For the good times</TITLE>
    <COUNTRY>UK</COUNTRY>
    <COMPANY>Mucik Master</COMPANY>
    <PRICE>8.70</PRICE>
    <YEAR>1995</YEAR>
  </CD>
  <CD artist="Will Smith">
    <TITLE>Big Willie style</TITLE>
    <COUNTRY>USA</COUNTRY>
    <COMPANY>Columbia</COMPANY>
    <PRICE>9.90</PRICE>
    <YEAR>1997</YEAR>
  </CD>
  <CD artist="Van Morrison">
    <TITLE>Tupelo Honey</TITLE>
    <COUNTRY>UK</COUNTRY>
    <COMPANY>Polydor</COMPANY>
    <PRICE>8.20</PRICE>
    <YEAR>1971</YEAR>
  </CD>
  <CD artist="Jorn Hoel">
    <TITLE>Soulsville</TITLE>
    <COUNTRY>Norway</COUNTRY>
    <COMPANY>WEA</COMPANY>
    <PRICE>7.90</PRICE>
    <YEAR>1996</YEAR>
  </CD>
  <CD artist="Cat Stevens">
    <TITLE>The very best of</TITLE>
    <COUNTRY>UK</COUNTRY>
    <COMPANY>Island</COMPANY>
    <PRICE>8.90</PRICE>
    <YEAR>1990</YEAR>
  </CD>
  <CD artist="Sam Brown">
    <TITLE>Stop.</TITLE>
    <COUNTRY>UK</COUNTRY>
    <COMPANY>A and M</COMPANY>
    <PRICE>8.90</PRICE>
    <YEAR>1988</YEAR>
  </CD>
  <CD artist="T'Pau">
    <TITLE>Bridge of Spies</TITLE>
    <COUNTRY>UK</COUNTRY>
    <COMPANY>Siren</COMPANY>
    <PRICE>7.90</PRICE>
    <YEAR>1987</YEAR>
  </CD>
  <CD artist="Tina Turner">
    <TITLE>Private Dancer</TITLE>
    <COUNTRY>UK</COUNTRY>
    <COMPANY>Capitol</COMPANY>
    <PRICE>8.90</PRICE>
    <YEAR>1983</YEAR>
  </CD>
  <CD artist="Kim Larsen">
    <TITLE>Midt om natten</TITLE>
    <COUNTRY>EU</COUNTRY>
    <COMPANY>Medley</COMPANY>
    <PRICE>7.80</PRICE>
    <YEAR>1983</YEAR>
  </CD>
  <CD artist="Luciano Pavarotti">
    <TITLE>Pavarotti Gala Concert</TITLE>
    <COUNTRY>UK</COUNTRY>
    <COMPANY>DECCA</COMPANY>
    <PRICE>9.90</PRICE>
    <YEAR>1991</YEAR>
  </CD>
  <CD artist="Otis Redding">
    <TITLE>The dock of the bay</TITLE>
    <COUNTRY>USA</COUNTRY>
    <COMPANY>Stax Records</COMPANY>
    <PRICE>7.90</PRICE>
    <YEAR>1968</YEAR>
  </CD>
  <CD artist="Simply Red">
    <TITLE>Picture book</TITLE>
    <COUNTRY>EU</COUNTRY>
    <COMPANY>Elektra</COMPANY>
    <PRICE>7.20</PRICE>
    <YEAR>1985</YEAR>
  </CD>
  <CD artist="The Communards">
    <TITLE>Red..</TITLE>
    <COUNTRY>UK</COUNTRY>
    <COMPANY>London</COMPANY>
    <PRICE>7.80</PRICE>
    <YEAR>1987</YEAR>
  </CD>
  <CD artist="Joe Cocker">
    <TITLE>Unchain my heart</TITLE>
    <COUNTRY>USA</COUNTRY>
    <COMPANY>EMI</COMPANY>
    <PRICE>8.20</PRICE>
    <YEAR>1987</YEAR>
  </CD>
</CATALOG>

<!--I put dots (.) in the TITLES that were shorter than 5 to make them valid-->